[
  {
    "source": "/melbourne-sydney/",
    "destination": "/sydney-melbourne/",
    "permanent": true
  },
  {
    "source": "/brisbane-sydney/",
    "destination": "/sydney-brisbane/",
    "permanent": true
  },
  {
    "source": "/perth-sydney/",
    "destination": "/sydney-perth/",
    "permanent": true
  },
  {
    "source": "/adelaide-sydney/",
    "destination": "/sydney-adelaide/",
    "permanent": true
  },
  {
    "source": "/gold-coast-sydney/",
    "destination": "/sydney-gold-coast/",
    "permanent": true
  },
  {
    "source": "/canberra-sydney/",
    "destination": "/sydney-canberra/",
    "permanent": true
  },
  {
    "source": "/logan-city-sydney/",
    "destination": "/sydney-logan-city/",
    "permanent": true
  },
  {
    "source": "/newcastle-sydney/",
    "destination": "/sydney-newcastle/",
    "permanent": true
  },
  {
    "source": "/wollongong-sydney/",
    "destination": "/sydney-wollongong/",
    "permanent": true
  },
  {
    "source": "/hobart-sydney/",
    "destination": "/sydney-hobart/",
    "permanent": true
  },
  {
    "source": "/geelong-sydney/",
    "destination": "/sydney-geelong/",
    "permanent": true
  },
  {
    "source": "/townsville-sydney/",
    "destination": "/sydney-townsville/",
    "permanent": true
  },
  {
    "source": "/cairns-sydney/",
    "destination": "/sydney-cairns/",
    "permanent": true
  },
  {
    "source": "/darwin-sydney/",
    "destination": "/sydney-darwin/",
    "permanent": true
  },
  {
    "source": "/rockingham-sydney/",
    "destination": "/sydney-rockingham/",
    "permanent": true
  },
  {
    "source": "/toowoomba-sydney/",
    "destination": "/sydney-toowoomba/",
    "permanent": true
  },
  {
    "source": "/ballarat-sydney/",
    "destination": "/sydney-ballarat/",
    "permanent": true
  },
  {
    "source": "/bendigo-sydney/",
    "destination": "/sydney-bendigo/",
    "permanent": true
  },
  {
    "source": "/mandurah-sydney/",
    "destination": "/sydney-mandurah/",
    "permanent": true
  },
  {
    "source": "/launceston-sydney/",
    "destination": "/sydney-launceston/",
    "permanent": true
  },
  {
    "source": "/mackay-sydney/",
    "destination": "/sydney-mackay/",
    "permanent": true
  },
  {
    "source": "/bunbury-sydney/",
    "destination": "/sydney-bunbury/",
    "permanent": true
  },
  {
    "source": "/bundaberg-sydney/",
    "destination": "/sydney-bundaberg/",
    "permanent": true
  },
  {
    "source": "/rockhampton-sydney/",
    "destination": "/sydney-rockhampton/",
    "permanent": true
  },
  {
    "source": "/brisbane-melbourne/",
    "destination": "/melbourne-brisbane/",
    "permanent": true
  },
  {
    "source": "/perth-melbourne/",
    "destination": "/melbourne-perth/",
    "permanent": true
  },
  {
    "source": "/adelaide-melbourne/",
    "destination": "/melbourne-adelaide/",
    "permanent": true
  },
  {
    "source": "/gold-coast-melbourne/",
    "destination": "/melbourne-gold-coast/",
    "permanent": true
  },
  {
    "source": "/canberra-melbourne/",
    "destination": "/melbourne-canberra/",
    "permanent": true
  },
  {
    "source": "/logan-city-melbourne/",
    "destination": "/melbourne-logan-city/",
    "permanent": true
  },
  {
    "source": "/newcastle-melbourne/",
    "destination": "/melbourne-newcastle/",
    "permanent": true
  },
  {
    "source": "/wollongong-melbourne/",
    "destination": "/melbourne-wollongong/",
    "permanent": true
  },
  {
    "source": "/hobart-melbourne/",
    "destination": "/melbourne-hobart/",
    "permanent": true
  },
  {
    "source": "/geelong-melbourne/",
    "destination": "/melbourne-geelong/",
    "permanent": true
  },
  {
    "source": "/townsville-melbourne/",
    "destination": "/melbourne-townsville/",
    "permanent": true
  },
  {
    "source": "/cairns-melbourne/",
    "destination": "/melbourne-cairns/",
    "permanent": true
  },
  {
    "source": "/darwin-melbourne/",
    "destination": "/melbourne-darwin/",
    "permanent": true
  },
  {
    "source": "/rockingham-melbourne/",
    "destination": "/melbourne-rockingham/",
    "permanent": true
  },
  {
    "source": "/toowoomba-melbourne/",
    "destination": "/melbourne-toowoomba/",
    "permanent": true
  },
  {
    "source": "/ballarat-melbourne/",
    "destination": "/melbourne-ballarat/",
    "permanent": true
  },
  {
    "source": "/bendigo-melbourne/",
    "destination": "/melbourne-bendigo/",
    "permanent": true
  },
  {
    "source": "/mandurah-melbourne/",
    "destination": "/melbourne-mandurah/",
    "permanent": true
  },
  {
    "source": "/launceston-melbourne/",
    "destination": "/melbourne-launceston/",
    "permanent": true
  },
  {
    "source": "/mackay-melbourne/",
    "destination": "/melbourne-mackay/",
    "permanent": true
  },
  {
    "source": "/bunbury-melbourne/",
    "destination": "/melbourne-bunbury/",
    "permanent": true
  },
  {
    "source": "/bundaberg-melbourne/",
    "destination": "/melbourne-bundaberg/",
    "permanent": true
  },
  {
    "source": "/rockhampton-melbourne/",
    "destination": "/melbourne-rockhampton/",
    "permanent": true
  },
  {
    "source": "/perth-brisbane/",
    "destination": "/brisbane-perth/",
    "permanent": true
  },
  {
    "source": "/adelaide-brisbane/",
    "destination": "/brisbane-adelaide/",
    "permanent": true
  },
  {
    "source": "/gold-coast-brisbane/",
    "destination": "/brisbane-gold-coast/",
    "permanent": true
  },
  {
    "source": "/canberra-brisbane/",
    "destination": "/brisbane-canberra/",
    "permanent": true
  },
  {
    "source": "/logan-city-brisbane/",
    "destination": "/brisbane-logan-city/",
    "permanent": true
  },
  {
    "source": "/newcastle-brisbane/",
    "destination": "/brisbane-newcastle/",
    "permanent": true
  },
  {
    "source": "/wollongong-brisbane/",
    "destination": "/brisbane-wollongong/",
    "permanent": true
  },
  {
    "source": "/hobart-brisbane/",
    "destination": "/brisbane-hobart/",
    "permanent": true
  },
  {
    "source": "/geelong-brisbane/",
    "destination": "/brisbane-geelong/",
    "permanent": true
  },
  {
    "source": "/townsville-brisbane/",
    "destination": "/brisbane-townsville/",
    "permanent": true
  },
  {
    "source": "/cairns-brisbane/",
    "destination": "/brisbane-cairns/",
    "permanent": true
  },
  {
    "source": "/darwin-brisbane/",
    "destination": "/brisbane-darwin/",
    "permanent": true
  },
  {
    "source": "/rockingham-brisbane/",
    "destination": "/brisbane-rockingham/",
    "permanent": true
  },
  {
    "source": "/toowoomba-brisbane/",
    "destination": "/brisbane-toowoomba/",
    "permanent": true
  },
  {
    "source": "/ballarat-brisbane/",
    "destination": "/brisbane-ballarat/",
    "permanent": true
  },
  {
    "source": "/bendigo-brisbane/",
    "destination": "/brisbane-bendigo/",
    "permanent": true
  },
  {
    "source": "/mandurah-brisbane/",
    "destination": "/brisbane-mandurah/",
    "permanent": true
  },
  {
    "source": "/launceston-brisbane/",
    "destination": "/brisbane-launceston/",
    "permanent": true
  },
  {
    "source": "/mackay-brisbane/",
    "destination": "/brisbane-mackay/",
    "permanent": true
  },
  {
    "source": "/bunbury-brisbane/",
    "destination": "/brisbane-bunbury/",
    "permanent": true
  },
  {
    "source": "/bundaberg-brisbane/",
    "destination": "/brisbane-bundaberg/",
    "permanent": true
  },
  {
    "source": "/rockhampton-brisbane/",
    "destination": "/brisbane-rockhampton/",
    "permanent": true
  },
  {
    "source": "/adelaide-perth/",
    "destination": "/perth-adelaide/",
    "permanent": true
  },
  {
    "source": "/gold-coast-perth/",
    "destination": "/perth-gold-coast/",
    "permanent": true
  },
  {
    "source": "/canberra-perth/",
    "destination": "/perth-canberra/",
    "permanent": true
  },
  {
    "source": "/logan-city-perth/",
    "destination": "/perth-logan-city/",
    "permanent": true
  },
  {
    "source": "/newcastle-perth/",
    "destination": "/perth-newcastle/",
    "permanent": true
  },
  {
    "source": "/wollongong-perth/",
    "destination": "/perth-wollongong/",
    "permanent": true
  },
  {
    "source": "/hobart-perth/",
    "destination": "/perth-hobart/",
    "permanent": true
  },
  {
    "source": "/geelong-perth/",
    "destination": "/perth-geelong/",
    "permanent": true
  },
  {
    "source": "/townsville-perth/",
    "destination": "/perth-townsville/",
    "permanent": true
  },
  {
    "source": "/cairns-perth/",
    "destination": "/perth-cairns/",
    "permanent": true
  },
  {
    "source": "/darwin-perth/",
    "destination": "/perth-darwin/",
    "permanent": true
  },
  {
    "source": "/rockingham-perth/",
    "destination": "/perth-rockingham/",
    "permanent": true
  },
  {
    "source": "/toowoomba-perth/",
    "destination": "/perth-toowoomba/",
    "permanent": true
  },
  {
    "source": "/ballarat-perth/",
    "destination": "/perth-ballarat/",
    "permanent": true
  },
  {
    "source": "/bendigo-perth/",
    "destination": "/perth-bendigo/",
    "permanent": true
  },
  {
    "source": "/mandurah-perth/",
    "destination": "/perth-mandurah/",
    "permanent": true
  },
  {
    "source": "/launceston-perth/",
    "destination": "/perth-launceston/",
    "permanent": true
  },
  {
    "source": "/mackay-perth/",
    "destination": "/perth-mackay/",
    "permanent": true
  },
  {
    "source": "/bunbury-perth/",
    "destination": "/perth-bunbury/",
    "permanent": true
  },
  {
    "source": "/bundaberg-perth/",
    "destination": "/perth-bundaberg/",
    "permanent": true
  },
  {
    "source": "/rockhampton-perth/",
    "destination": "/perth-rockhampton/",
    "permanent": true
  },
  {
    "source": "/gold-coast-adelaide/",
    "destination": "/adelaide-gold-coast/",
    "permanent": true
  },
  {
    "source": "/canberra-adelaide/",
    "destination": "/adelaide-canberra/",
    "permanent": true
  },
  {
    "source": "/logan-city-adelaide/",
    "destination": "/adelaide-logan-city/",
    "permanent": true
  },
  {
    "source": "/newcastle-adelaide/",
    "destination": "/adelaide-newcastle/",
    "permanent": true
  },
  {
    "source": "/wollongong-adelaide/",
    "destination": "/adelaide-wollongong/",
    "permanent": true
  },
  {
    "source": "/hobart-adelaide/",
    "destination": "/adelaide-hobart/",
    "permanent": true
  },
  {
    "source": "/geelong-adelaide/",
    "destination": "/adelaide-geelong/",
    "permanent": true
  },
  {
    "source": "/townsville-adelaide/",
    "destination": "/adelaide-townsville/",
    "permanent": true
  },
  {
    "source": "/cairns-adelaide/",
    "destination": "/adelaide-cairns/",
    "permanent": true
  },
  {
    "source": "/darwin-adelaide/",
    "destination": "/adelaide-darwin/",
    "permanent": true
  },
  {
    "source": "/rockingham-adelaide/",
    "destination": "/adelaide-rockingham/",
    "permanent": true
  },
  {
    "source": "/toowoomba-adelaide/",
    "destination": "/adelaide-toowoomba/",
    "permanent": true
  },
  {
    "source": "/ballarat-adelaide/",
    "destination": "/adelaide-ballarat/",
    "permanent": true
  },
  {
    "source": "/bendigo-adelaide/",
    "destination": "/adelaide-bendigo/",
    "permanent": true
  },
  {
    "source": "/mandurah-adelaide/",
    "destination": "/adelaide-mandurah/",
    "permanent": true
  },
  {
    "source": "/launceston-adelaide/",
    "destination": "/adelaide-launceston/",
    "permanent": true
  },
  {
    "source": "/mackay-adelaide/",
    "destination": "/adelaide-mackay/",
    "permanent": true
  },
  {
    "source": "/bunbury-adelaide/",
    "destination": "/adelaide-bunbury/",
    "permanent": true
  },
  {
    "source": "/bundaberg-adelaide/",
    "destination": "/adelaide-bundaberg/",
    "permanent": true
  },
  {
    "source": "/rockhampton-adelaide/",
    "destination": "/adelaide-rockhampton/",
    "permanent": true
  },
  {
    "source": "/canberra-gold-coast/",
    "destination": "/gold-coast-canberra/",
    "permanent": true
  },
  {
    "source": "/logan-city-gold-coast/",
    "destination": "/gold-coast-logan-city/",
    "permanent": true
  },
  {
    "source": "/newcastle-gold-coast/",
    "destination": "/gold-coast-newcastle/",
    "permanent": true
  },
  {
    "source": "/wollongong-gold-coast/",
    "destination": "/gold-coast-wollongong/",
    "permanent": true
  },
  {
    "source": "/hobart-gold-coast/",
    "destination": "/gold-coast-hobart/",
    "permanent": true
  },
  {
    "source": "/geelong-gold-coast/",
    "destination": "/gold-coast-geelong/",
    "permanent": true
  },
  {
    "source": "/townsville-gold-coast/",
    "destination": "/gold-coast-townsville/",
    "permanent": true
  },
  {
    "source": "/cairns-gold-coast/",
    "destination": "/gold-coast-cairns/",
    "permanent": true
  },
  {
    "source": "/darwin-gold-coast/",
    "destination": "/gold-coast-darwin/",
    "permanent": true
  },
  {
    "source": "/rockingham-gold-coast/",
    "destination": "/gold-coast-rockingham/",
    "permanent": true
  },
  {
    "source": "/toowoomba-gold-coast/",
    "destination": "/gold-coast-toowoomba/",
    "permanent": true
  },
  {
    "source": "/ballarat-gold-coast/",
    "destination": "/gold-coast-ballarat/",
    "permanent": true
  },
  {
    "source": "/bendigo-gold-coast/",
    "destination": "/gold-coast-bendigo/",
    "permanent": true
  },
  {
    "source": "/mandurah-gold-coast/",
    "destination": "/gold-coast-mandurah/",
    "permanent": true
  },
  {
    "source": "/launceston-gold-coast/",
    "destination": "/gold-coast-launceston/",
    "permanent": true
  },
  {
    "source": "/mackay-gold-coast/",
    "destination": "/gold-coast-mackay/",
    "permanent": true
  },
  {
    "source": "/bunbury-gold-coast/",
    "destination": "/gold-coast-bunbury/",
    "permanent": true
  },
  {
    "source": "/bundaberg-gold-coast/",
    "destination": "/gold-coast-bundaberg/",
    "permanent": true
  },
  {
    "source": "/rockhampton-gold-coast/",
    "destination": "/gold-coast-rockhampton/",
    "permanent": true
  },
  {
    "source": "/logan-city-canberra/",
    "destination": "/canberra-logan-city/",
    "permanent": true
  },
  {
    "source": "/newcastle-canberra/",
    "destination": "/canberra-newcastle/",
    "permanent": true
  },
  {
    "source": "/wollongong-canberra/",
    "destination": "/canberra-wollongong/",
    "permanent": true
  },
  {
    "source": "/hobart-canberra/",
    "destination": "/canberra-hobart/",
    "permanent": true
  },
  {
    "source": "/geelong-canberra/",
    "destination": "/canberra-geelong/",
    "permanent": true
  },
  {
    "source": "/townsville-canberra/",
    "destination": "/canberra-townsville/",
    "permanent": true
  },
  {
    "source": "/cairns-canberra/",
    "destination": "/canberra-cairns/",
    "permanent": true
  },
  {
    "source": "/darwin-canberra/",
    "destination": "/canberra-darwin/",
    "permanent": true
  },
  {
    "source": "/rockingham-canberra/",
    "destination": "/canberra-rockingham/",
    "permanent": true
  },
  {
    "source": "/toowoomba-canberra/",
    "destination": "/canberra-toowoomba/",
    "permanent": true
  },
  {
    "source": "/ballarat-canberra/",
    "destination": "/canberra-ballarat/",
    "permanent": true
  },
  {
    "source": "/bendigo-canberra/",
    "destination": "/canberra-bendigo/",
    "permanent": true
  },
  {
    "source": "/mandurah-canberra/",
    "destination": "/canberra-mandurah/",
    "permanent": true
  },
  {
    "source": "/launceston-canberra/",
    "destination": "/canberra-launceston/",
    "permanent": true
  },
  {
    "source": "/mackay-canberra/",
    "destination": "/canberra-mackay/",
    "permanent": true
  },
  {
    "source": "/bunbury-canberra/",
    "destination": "/canberra-bunbury/",
    "permanent": true
  },
  {
    "source": "/bundaberg-canberra/",
    "destination": "/canberra-bundaberg/",
    "permanent": true
  },
  {
    "source": "/rockhampton-canberra/",
    "destination": "/canberra-rockhampton/",
    "permanent": true
  },
  {
    "source": "/newcastle-logan-city/",
    "destination": "/logan-city-newcastle/",
    "permanent": true
  },
  {
    "source": "/wollongong-logan-city/",
    "destination": "/logan-city-wollongong/",
    "permanent": true
  },
  {
    "source": "/hobart-logan-city/",
    "destination": "/logan-city-hobart/",
    "permanent": true
  },
  {
    "source": "/geelong-logan-city/",
    "destination": "/logan-city-geelong/",
    "permanent": true
  },
  {
    "source": "/townsville-logan-city/",
    "destination": "/logan-city-townsville/",
    "permanent": true
  },
  {
    "source": "/cairns-logan-city/",
    "destination": "/logan-city-cairns/",
    "permanent": true
  },
  {
    "source": "/darwin-logan-city/",
    "destination": "/logan-city-darwin/",
    "permanent": true
  },
  {
    "source": "/rockingham-logan-city/",
    "destination": "/logan-city-rockingham/",
    "permanent": true
  },
  {
    "source": "/toowoomba-logan-city/",
    "destination": "/logan-city-toowoomba/",
    "permanent": true
  },
  {
    "source": "/ballarat-logan-city/",
    "destination": "/logan-city-ballarat/",
    "permanent": true
  },
  {
    "source": "/bendigo-logan-city/",
    "destination": "/logan-city-bendigo/",
    "permanent": true
  },
  {
    "source": "/mandurah-logan-city/",
    "destination": "/logan-city-mandurah/",
    "permanent": true
  },
  {
    "source": "/launceston-logan-city/",
    "destination": "/logan-city-launceston/",
    "permanent": true
  },
  {
    "source": "/mackay-logan-city/",
    "destination": "/logan-city-mackay/",
    "permanent": true
  },
  {
    "source": "/bunbury-logan-city/",
    "destination": "/logan-city-bunbury/",
    "permanent": true
  },
  {
    "source": "/bundaberg-logan-city/",
    "destination": "/logan-city-bundaberg/",
    "permanent": true
  },
  {
    "source": "/rockhampton-logan-city/",
    "destination": "/logan-city-rockhampton/",
    "permanent": true
  },
  {
    "source": "/wollongong-newcastle/",
    "destination": "/newcastle-wollongong/",
    "permanent": true
  },
  {
    "source": "/hobart-newcastle/",
    "destination": "/newcastle-hobart/",
    "permanent": true
  },
  {
    "source": "/geelong-newcastle/",
    "destination": "/newcastle-geelong/",
    "permanent": true
  },
  {
    "source": "/townsville-newcastle/",
    "destination": "/newcastle-townsville/",
    "permanent": true
  },
  {
    "source": "/cairns-newcastle/",
    "destination": "/newcastle-cairns/",
    "permanent": true
  },
  {
    "source": "/darwin-newcastle/",
    "destination": "/newcastle-darwin/",
    "permanent": true
  },
  {
    "source": "/rockingham-newcastle/",
    "destination": "/newcastle-rockingham/",
    "permanent": true
  },
  {
    "source": "/toowoomba-newcastle/",
    "destination": "/newcastle-toowoomba/",
    "permanent": true
  },
  {
    "source": "/ballarat-newcastle/",
    "destination": "/newcastle-ballarat/",
    "permanent": true
  },
  {
    "source": "/bendigo-newcastle/",
    "destination": "/newcastle-bendigo/",
    "permanent": true
  },
  {
    "source": "/mandurah-newcastle/",
    "destination": "/newcastle-mandurah/",
    "permanent": true
  },
  {
    "source": "/launceston-newcastle/",
    "destination": "/newcastle-launceston/",
    "permanent": true
  },
  {
    "source": "/mackay-newcastle/",
    "destination": "/newcastle-mackay/",
    "permanent": true
  },
  {
    "source": "/bunbury-newcastle/",
    "destination": "/newcastle-bunbury/",
    "permanent": true
  },
  {
    "source": "/bundaberg-newcastle/",
    "destination": "/newcastle-bundaberg/",
    "permanent": true
  },
  {
    "source": "/rockhampton-newcastle/",
    "destination": "/newcastle-rockhampton/",
    "permanent": true
  },
  {
    "source": "/hobart-wollongong/",
    "destination": "/wollongong-hobart/",
    "permanent": true
  },
  {
    "source": "/geelong-wollongong/",
    "destination": "/wollongong-geelong/",
    "permanent": true
  },
  {
    "source": "/townsville-wollongong/",
    "destination": "/wollongong-townsville/",
    "permanent": true
  },
  {
    "source": "/cairns-wollongong/",
    "destination": "/wollongong-cairns/",
    "permanent": true
  },
  {
    "source": "/darwin-wollongong/",
    "destination": "/wollongong-darwin/",
    "permanent": true
  },
  {
    "source": "/rockingham-wollongong/",
    "destination": "/wollongong-rockingham/",
    "permanent": true
  },
  {
    "source": "/toowoomba-wollongong/",
    "destination": "/wollongong-toowoomba/",
    "permanent": true
  },
  {
    "source": "/ballarat-wollongong/",
    "destination": "/wollongong-ballarat/",
    "permanent": true
  },
  {
    "source": "/bendigo-wollongong/",
    "destination": "/wollongong-bendigo/",
    "permanent": true
  },
  {
    "source": "/mandurah-wollongong/",
    "destination": "/wollongong-mandurah/",
    "permanent": true
  },
  {
    "source": "/launceston-wollongong/",
    "destination": "/wollongong-launceston/",
    "permanent": true
  },
  {
    "source": "/mackay-wollongong/",
    "destination": "/wollongong-mackay/",
    "permanent": true
  },
  {
    "source": "/bunbury-wollongong/",
    "destination": "/wollongong-bunbury/",
    "permanent": true
  },
  {
    "source": "/bundaberg-wollongong/",
    "destination": "/wollongong-bundaberg/",
    "permanent": true
  },
  {
    "source": "/rockhampton-wollongong/",
    "destination": "/wollongong-rockhampton/",
    "permanent": true
  },
  {
    "source": "/geelong-hobart/",
    "destination": "/hobart-geelong/",
    "permanent": true
  },
  {
    "source": "/townsville-hobart/",
    "destination": "/hobart-townsville/",
    "permanent": true
  },
  {
    "source": "/cairns-hobart/",
    "destination": "/hobart-cairns/",
    "permanent": true
  },
  {
    "source": "/darwin-hobart/",
    "destination": "/hobart-darwin/",
    "permanent": true
  },
  {
    "source": "/rockingham-hobart/",
    "destination": "/hobart-rockingham/",
    "permanent": true
  },
  {
    "source": "/toowoomba-hobart/",
    "destination": "/hobart-toowoomba/",
    "permanent": true
  },
  {
    "source": "/ballarat-hobart/",
    "destination": "/hobart-ballarat/",
    "permanent": true
  },
  {
    "source": "/bendigo-hobart/",
    "destination": "/hobart-bendigo/",
    "permanent": true
  },
  {
    "source": "/mandurah-hobart/",
    "destination": "/hobart-mandurah/",
    "permanent": true
  },
  {
    "source": "/launceston-hobart/",
    "destination": "/hobart-launceston/",
    "permanent": true
  },
  {
    "source": "/mackay-hobart/",
    "destination": "/hobart-mackay/",
    "permanent": true
  },
  {
    "source": "/bunbury-hobart/",
    "destination": "/hobart-bunbury/",
    "permanent": true
  },
  {
    "source": "/bundaberg-hobart/",
    "destination": "/hobart-bundaberg/",
    "permanent": true
  },
  {
    "source": "/rockhampton-hobart/",
    "destination": "/hobart-rockhampton/",
    "permanent": true
  },
  {
    "source": "/townsville-geelong/",
    "destination": "/geelong-townsville/",
    "permanent": true
  },
  {
    "source": "/cairns-geelong/",
    "destination": "/geelong-cairns/",
    "permanent": true
  },
  {
    "source": "/darwin-geelong/",
    "destination": "/geelong-darwin/",
    "permanent": true
  },
  {
    "source": "/rockingham-geelong/",
    "destination": "/geelong-rockingham/",
    "permanent": true
  },
  {
    "source": "/toowoomba-geelong/",
    "destination": "/geelong-toowoomba/",
    "permanent": true
  },
  {
    "source": "/ballarat-geelong/",
    "destination": "/geelong-ballarat/",
    "permanent": true
  },
  {
    "source": "/bendigo-geelong/",
    "destination": "/geelong-bendigo/",
    "permanent": true
  },
  {
    "source": "/mandurah-geelong/",
    "destination": "/geelong-mandurah/",
    "permanent": true
  },
  {
    "source": "/launceston-geelong/",
    "destination": "/geelong-launceston/",
    "permanent": true
  },
  {
    "source": "/mackay-geelong/",
    "destination": "/geelong-mackay/",
    "permanent": true
  },
  {
    "source": "/bunbury-geelong/",
    "destination": "/geelong-bunbury/",
    "permanent": true
  },
  {
    "source": "/bundaberg-geelong/",
    "destination": "/geelong-bundaberg/",
    "permanent": true
  },
  {
    "source": "/rockhampton-geelong/",
    "destination": "/geelong-rockhampton/",
    "permanent": true
  },
  {
    "source": "/cairns-townsville/",
    "destination": "/townsville-cairns/",
    "permanent": true
  },
  {
    "source": "/darwin-townsville/",
    "destination": "/townsville-darwin/",
    "permanent": true
  },
  {
    "source": "/rockingham-townsville/",
    "destination": "/townsville-rockingham/",
    "permanent": true
  },
  {
    "source": "/toowoomba-townsville/",
    "destination": "/townsville-toowoomba/",
    "permanent": true
  },
  {
    "source": "/ballarat-townsville/",
    "destination": "/townsville-ballarat/",
    "permanent": true
  },
  {
    "source": "/bendigo-townsville/",
    "destination": "/townsville-bendigo/",
    "permanent": true
  },
  {
    "source": "/mandurah-townsville/",
    "destination": "/townsville-mandurah/",
    "permanent": true
  },
  {
    "source": "/launceston-townsville/",
    "destination": "/townsville-launceston/",
    "permanent": true
  },
  {
    "source": "/mackay-townsville/",
    "destination": "/townsville-mackay/",
    "permanent": true
  },
  {
    "source": "/bunbury-townsville/",
    "destination": "/townsville-bunbury/",
    "permanent": true
  },
  {
    "source": "/bundaberg-townsville/",
    "destination": "/townsville-bundaberg/",
    "permanent": true
  },
  {
    "source": "/rockhampton-townsville/",
    "destination": "/townsville-rockhampton/",
    "permanent": true
  },
  {
    "source": "/darwin-cairns/",
    "destination": "/cairns-darwin/",
    "permanent": true
  },
  {
    "source": "/rockingham-cairns/",
    "destination": "/cairns-rockingham/",
    "permanent": true
  },
  {
    "source": "/toowoomba-cairns/",
    "destination": "/cairns-toowoomba/",
    "permanent": true
  },
  {
    "source": "/ballarat-cairns/",
    "destination": "/cairns-ballarat/",
    "permanent": true
  },
  {
    "source": "/bendigo-cairns/",
    "destination": "/cairns-bendigo/",
    "permanent": true
  },
  {
    "source": "/mandurah-cairns/",
    "destination": "/cairns-mandurah/",
    "permanent": true
  },
  {
    "source": "/launceston-cairns/",
    "destination": "/cairns-launceston/",
    "permanent": true
  },
  {
    "source": "/mackay-cairns/",
    "destination": "/cairns-mackay/",
    "permanent": true
  },
  {
    "source": "/bunbury-cairns/",
    "destination": "/cairns-bunbury/",
    "permanent": true
  },
  {
    "source": "/bundaberg-cairns/",
    "destination": "/cairns-bundaberg/",
    "permanent": true
  },
  {
    "source": "/rockhampton-cairns/",
    "destination": "/cairns-rockhampton/",
    "permanent": true
  },
  {
    "source": "/rockingham-darwin/",
    "destination": "/darwin-rockingham/",
    "permanent": true
  },
  {
    "source": "/toowoomba-darwin/",
    "destination": "/darwin-toowoomba/",
    "permanent": true
  },
  {
    "source": "/ballarat-darwin/",
    "destination": "/darwin-ballarat/",
    "permanent": true
  },
  {
    "source": "/bendigo-darwin/",
    "destination": "/darwin-bendigo/",
    "permanent": true
  },
  {
    "source": "/mandurah-darwin/",
    "destination": "/darwin-mandurah/",
    "permanent": true
  },
  {
    "source": "/launceston-darwin/",
    "destination": "/darwin-launceston/",
    "permanent": true
  },
  {
    "source": "/mackay-darwin/",
    "destination": "/darwin-mackay/",
    "permanent": true
  },
  {
    "source": "/bunbury-darwin/",
    "destination": "/darwin-bunbury/",
    "permanent": true
  },
  {
    "source": "/bundaberg-darwin/",
    "destination": "/darwin-bundaberg/",
    "permanent": true
  },
  {
    "source": "/rockhampton-darwin/",
    "destination": "/darwin-rockhampton/",
    "permanent": true
  },
  {
    "source": "/toowoomba-rockingham/",
    "destination": "/rockingham-toowoomba/",
    "permanent": true
  },
  {
    "source": "/ballarat-rockingham/",
    "destination": "/rockingham-ballarat/",
    "permanent": true
  },
  {
    "source": "/bendigo-rockingham/",
    "destination": "/rockingham-bendigo/",
    "permanent": true
  },
  {
    "source": "/mandurah-rockingham/",
    "destination": "/rockingham-mandurah/",
    "permanent": true
  },
  {
    "source": "/launceston-rockingham/",
    "destination": "/rockingham-launceston/",
    "permanent": true
  },
  {
    "source": "/mackay-rockingham/",
    "destination": "/rockingham-mackay/",
    "permanent": true
  },
  {
    "source": "/bunbury-rockingham/",
    "destination": "/rockingham-bunbury/",
    "permanent": true
  },
  {
    "source": "/bundaberg-rockingham/",
    "destination": "/rockingham-bundaberg/",
    "permanent": true
  },
  {
    "source": "/rockhampton-rockingham/",
    "destination": "/rockingham-rockhampton/",
    "permanent": true
  },
  {
    "source": "/ballarat-toowoomba/",
    "destination": "/toowoomba-ballarat/",
    "permanent": true
  },
  {
    "source": "/bendigo-toowoomba/",
    "destination": "/toowoomba-bendigo/",
    "permanent": true
  },
  {
    "source": "/mandurah-toowoomba/",
    "destination": "/toowoomba-mandurah/",
    "permanent": true
  },
  {
    "source": "/launceston-toowoomba/",
    "destination": "/toowoomba-launceston/",
    "permanent": true
  },
  {
    "source": "/mackay-toowoomba/",
    "destination": "/toowoomba-mackay/",
    "permanent": true
  },
  {
    "source": "/bunbury-toowoomba/",
    "destination": "/toowoomba-bunbury/",
    "permanent": true
  },
  {
    "source": "/bundaberg-toowoomba/",
    "destination": "/toowoomba-bundaberg/",
    "permanent": true
  },
  {
    "source": "/rockhampton-toowoomba/",
    "destination": "/toowoomba-rockhampton/",
    "permanent": true
  },
  {
    "source": "/bendigo-ballarat/",
    "destination": "/ballarat-bendigo/",
    "permanent": true
  },
  {
    "source": "/mandurah-ballarat/",
    "destination": "/ballarat-mandurah/",
    "permanent": true
  },
  {
    "source": "/launceston-ballarat/",
    "destination": "/ballarat-launceston/",
    "permanent": true
  },
  {
    "source": "/mackay-ballarat/",
    "destination": "/ballarat-mackay/",
    "permanent": true
  },
  {
    "source": "/bunbury-ballarat/",
    "destination": "/ballarat-bunbury/",
    "permanent": true
  },
  {
    "source": "/bundaberg-ballarat/",
    "destination": "/ballarat-bundaberg/",
    "permanent": true
  },
  {
    "source": "/rockhampton-ballarat/",
    "destination": "/ballarat-rockhampton/",
    "permanent": true
  },
  {
    "source": "/mandurah-bendigo/",
    "destination": "/bendigo-mandurah/",
    "permanent": true
  },
  {
    "source": "/launceston-bendigo/",
    "destination": "/bendigo-launceston/",
    "permanent": true
  },
  {
    "source": "/mackay-bendigo/",
    "destination": "/bendigo-mackay/",
    "permanent": true
  },
  {
    "source": "/bunbury-bendigo/",
    "destination": "/bendigo-bunbury/",
    "permanent": true
  },
  {
    "source": "/bundaberg-bendigo/",
    "destination": "/bendigo-bundaberg/",
    "permanent": true
  },
  {
    "source": "/rockhampton-bendigo/",
    "destination": "/bendigo-rockhampton/",
    "permanent": true
  },
  {
    "source": "/launceston-mandurah/",
    "destination": "/mandurah-launceston/",
    "permanent": true
  },
  {
    "source": "/mackay-mandurah/",
    "destination": "/mandurah-mackay/",
    "permanent": true
  },
  {
    "source": "/bunbury-mandurah/",
    "destination": "/mandurah-bunbury/",
    "permanent": true
  },
  {
    "source": "/bundaberg-mandurah/",
    "destination": "/mandurah-bundaberg/",
    "permanent": true
  },
  {
    "source": "/rockhampton-mandurah/",
    "destination": "/mandurah-rockhampton/",
    "permanent": true
  },
  {
    "source": "/mackay-launceston/",
    "destination": "/launceston-mackay/",
    "permanent": true
  },
  {
    "source": "/bunbury-launceston/",
    "destination": "/launceston-bunbury/",
    "permanent": true
  },
  {
    "source": "/bundaberg-launceston/",
    "destination": "/launceston-bundaberg/",
    "permanent": true
  },
  {
    "source": "/rockhampton-launceston/",
    "destination": "/launceston-rockhampton/",
    "permanent": true
  },
  {
    "source": "/bunbury-mackay/",
    "destination": "/mackay-bunbury/",
    "permanent": true
  },
  {
    "source": "/bundaberg-mackay/",
    "destination": "/mackay-bundaberg/",
    "permanent": true
  },
  {
    "source": "/rockhampton-mackay/",
    "destination": "/mackay-rockhampton/",
    "permanent": true
  },
  {
    "source": "/bundaberg-bunbury/",
    "destination": "/bunbury-bundaberg/",
    "permanent": true
  },
  {
    "source": "/rockhampton-bunbury/",
    "destination": "/bunbury-rockhampton/",
    "permanent": true
  },
  {
    "source": "/rockhampton-bundaberg/",
    "destination": "/bundaberg-rockhampton/",
    "permanent": true
  }
]